design,kappa,T,n,replicate,seed,a,sigma,x0,status,failure,kappa_hat,fit_status,training_status,fit_cap,training_cap,fit_optimizer_failures,fit_numerical_failures,training_optimizer_failures,training_numerical_failures,fit_warning,training_warning,lr_contains_truth,lr_excludes_zero,split_contains_truth,split_excludes_zero,log_e_truth,log_e_zero
regular,0.0,1.0,64,1,2026092804,0.0,1.0,0.0,completed,none,4.839779140304515,bounded_search_completed,bounded_search_completed,200.0,400.0,0,0,0,0,0,0,1,0,1,0,-1.2761600176138792,-1.2761600176138792
regular,0.0,1.0,64,2,2026092805,0.0,1.0,0.0,completed,none,5.154356654152141,bounded_search_completed,bounded_search_completed,200.0,400.0,0,0,0,0,0,0,1,0,1,0,-9.448390112965651,-9.448390112965651
regular,0.0,1.0,256,1,2026092806,0.0,1.0,0.0,completed,none,5.898902313260209,bounded_search_completed,bounded_search_completed,200.0,400.0,0,0,0,0,0,0,0,1,1,0,-8.15535151957701,-8.15535151957701
regular,0.0,1.0,256,2,2026092807,0.0,1.0,0.0,completed,none,0.0,bounded_search_completed,bounded_search_completed,200.0,400.0,0,0,0,0,0,0,1,0,1,0,-260.37490533893106,-260.37490533893106
regular,0.1,1.0,64,1,2026092808,0.0,1.0,0.0,completed,none,10.736850199238875,bounded_search_completed,bounded_search_completed,200.0,400.0,0,0,0,0,0,0,0,1,1,0,-5.107738178502782,-5.081548384292088
regular,0.1,1.0,64,2,2026092809,0.0,1.0,0.0,completed,none,2.779929372734795,bounded_search_completed,bounded_search_completed,200.0,400.0,0,0,0,0,0,0,1,0,1,0,-1.8585173465875933,-1.8278347386918377
regular,0.1,1.0,256,1,2026092810,0.0,1.0,0.0,completed,none,1.2087201003417025,bounded_search_completed,bounded_search_completed,200.0,400.0,0,0,0,0,0,0,1,0,1,0,-41.491138823055195,-41.47498636223557
regular,0.1,1.0,256,2,2026092811,0.0,1.0,0.0,completed,none,3.3964598982426746,bounded_search_completed,bounded_search_completed,200.0,400.0,0,0,0,0,0,0,1,0,1,0,0.31002850318233754,0.33661204715244253
regular,1.0,1.0,64,1,2026092812,0.0,1.0,0.0,completed,none,3.6030935720839214,bounded_search_completed,bounded_search_completed,200.0,400.0,0,0,0,0,0,0,1,0,1,0,-4.247977165470768,-3.7956596934289983
regular,1.0,1.0,64,2,2026092813,0.0,1.0,0.0,completed,none,6.894386187419395,bounded_search_completed,bounded_search_completed,200.0,400.0,0,0,0,0,0,0,1,0,1,0,-223.19926472505944,-222.90509480950737
regular,1.0,1.0,256,1,2026092814,0.0,1.0,0.0,completed,none,5.231134202381541,bounded_search_completed,bounded_search_completed,200.0,400.0,0,0,0,0,0,0,1,0,1,0,-16.930700092629763,-16.621466663697333
regular,1.0,1.0,256,2,2026092815,0.0,1.0,0.0,completed,none,2.085017628959353,bounded_search_completed,bounded_search_completed,200.0,400.0,0,0,0,0,0,0,1,0,1,0,-0.6551843914395761,-0.38300018535824165
regular,4.0,1.0,64,1,2026092816,0.0,1.0,0.0,completed,none,2.376078783856215,bounded_search_completed,bounded_search_completed,200.0,400.0,0,0,0,0,0,0,1,0,1,0,-5.579314376625991,-4.852815991574804
regular,4.0,1.0,64,2,2026092817,0.0,1.0,0.0,completed,none,2.737649763306889,bounded_search_completed,bounded_search_completed,200.0,400.0,0,0,0,0,0,0,1,0,1,0,-27.34782118505499,-26.29349901652256
regular,4.0,1.0,256,1,2026092818,0.0,1.0,0.0,completed,none,9.51560550159177,bounded_search_completed,bounded_search_completed,200.0,400.0,0,0,0,0,0,0,1,1,1,0,-25.554598360083816,-24.597050355237144
regular,4.0,1.0,256,2,2026092819,0.0,1.0,0.0,completed,none,26.33742423983367,bounded_search_completed,bounded_search_completed,200.0,400.0,0,0,0,0,0,0,0,1,1,0,-1.1810848576919852,-0.17714679522913457
alternating,0.0,1.0,64,1,2026092820,0.0,1.0,0.0,completed,none,5.6043726647031065,bounded_search_completed,bounded_search_completed,200.0,400.0,0,0,0,0,0,0,1,0,1,0,-1.1531057009705208,-1.1531057009705208
alternating,0.0,1.0,64,2,2026092821,0.0,1.0,0.0,completed,none,1.1982107553364438,bounded_search_completed,bounded_search_completed,200.0,400.0,0,0,0,0,0,0,1,0,1,0,-24.092122942224073,-24.092122942224073
alternating,0.0,1.0,256,1,2026092822,0.0,1.0,0.0,completed,none,7.0172611113977155,bounded_search_completed,bounded_search_completed,200.0,400.0,0,0,0,0,0,0,1,0,1,0,-4.254865297170966,-4.254865297170966
alternating,0.0,1.0,256,2,2026092823,0.0,1.0,0.0,completed,none,3.1490009471310265,bounded_search_completed,bounded_search_completed,200.0,400.0,0,0,0,0,0,0,1,0,1,0,-4.704886117348195,-4.704886117348195
alternating,0.1,1.0,64,1,2026092824,0.0,1.0,0.0,completed,none,5.570829363624108,bounded_search_completed,bounded_search_completed,200.0,400.0,0,0,0,0,0,0,1,0,1,0,-37.59033899415634,-37.555454654526514
alternating,0.1,1.0,64,2,2026092825,0.0,1.0,0.0,completed,none,5.49357861426889,bounded_search_completed,bounded_search_completed,200.0,400.0,0,0,0,0,0,0,0,1,1,0,-3.161379231601572,-3.1343416662478845
alternating,0.1,1.0,256,1,2026092826,0.0,1.0,0.0,completed,none,5.02490016045366,bounded_search_completed,bounded_search_completed,200.0,400.0,0,0,0,0,0,0,1,0,1,0,-7.798250356360768,-7.78383738843732
alternating,0.1,1.0,256,2,2026092827,0.0,1.0,0.0,completed,none,0.6221350520741057,bounded_search_completed,bounded_search_completed,200.0,400.0,0,0,0,0,0,0,1,0,1,0,-11.90278154676048,-11.913750415875995
alternating,1.0,1.0,64,1,2026092828,0.0,1.0,0.0,completed,none,0.0,bounded_search_completed,bounded_search_completed,200.0,400.0,0,0,0,0,0,0,1,0,1,0,-20.36749325799946,-20.48106359713243
alternating,1.0,1.0,64,2,2026092829,0.0,1.0,0.0,completed,none,2.0582650370237983,bounded_search_completed,bounded_search_completed,200.0,400.0,0,0,0,0,0,0,1,0,1,0,-2.3399025312755946,-2.070094902241305
alternating,1.0,1.0,256,1,2026092830,0.0,1.0,0.0,completed,none,1.9452293178906095,bounded_search_completed,bounded_search_completed,200.0,400.0,0,0,0,0,0,0,1,0,1,0,-39.76924383772081,-39.64114788926091
alternating,1.0,1.0,256,2,2026092831,0.0,1.0,0.0,completed,none,2.8984513446436955,bounded_search_completed,bounded_search_completed,200.0,400.0,0,0,0,0,0,0,1,0,1,0,-5.558306978792871,-5.26310583977741
alternating,4.0,1.0,64,1,2026092832,0.0,1.0,0.0,completed,none,10.05724947916891,bounded_search_completed,bounded_search_completed,200.0,400.0,0,0,0,0,0,0,1,1,1,0,-0.8966242152894992,-0.4984201698913111
alternating,4.0,1.0,64,2,2026092833,0.0,1.0,0.0,completed,none,10.653270831055858,bounded_search_completed,bounded_search_completed,200.0,400.0,0,0,0,0,0,0,1,1,1,0,-1.8058157633513865,-0.734402618258688
alternating,4.0,1.0,256,1,2026092834,0.0,1.0,0.0,completed,none,15.860718623031367,bounded_search_completed,bounded_search_completed,200.0,400.0,0,0,0,0,0,0,0,1,1,0,-6.035877881566336,-5.060938022490092
alternating,4.0,1.0,256,2,2026092835,0.0,1.0,0.0,completed,none,16.211024137600557,bounded_search_completed,bounded_search_completed,200.0,400.0,0,0,0,0,0,0,0,1,1,0,-25.99615638713294,-25.294907753703257
