design,kappa,T,n,reps,kappa_hat,kappa_hat_mcse,mle_cap_warning,mle_cap_warning_mcse,mle_cap_warning_wilson_lower,mle_cap_warning_wilson_upper,training_cap_warning,training_cap_warning_mcse,training_cap_warning_wilson_lower,training_cap_warning_wilson_upper,naive_LR_contains_truth,naive_LR_contains_truth_mcse,naive_LR_contains_truth_wilson_lower,naive_LR_contains_truth_wilson_upper,split_e_contains_truth,split_e_contains_truth_mcse,split_e_contains_truth_wilson_lower,split_e_contains_truth_wilson_upper,naive_LR_excludes_zero,naive_LR_excludes_zero_mcse,naive_LR_excludes_zero_wilson_lower,naive_LR_excludes_zero_wilson_upper,split_e_excludes_zero,split_e_excludes_zero_mcse,split_e_excludes_zero_wilson_lower,split_e_excludes_zero_wilson_upper,kappa_rmse
regular,0.0,1.0,64,100,5.415421550956754,0.5165890824821454,0.0,0.0,3.469446951953614e-18,0.03699349820698568,0.0,0.0,3.469446951953614e-18,0.03699349820698568,0.73,0.044619604333847374,0.6356788323205499,0.8073041585042365,1.0,0.0,0.9630065017930143,1.0,0.27,0.044619604333847374,0.1926958414957634,0.36432116767944994,0.0,0.0,3.469446951953614e-18,0.03699349820698568,7.46634812397611
regular,0.0,1.0,256,100,5.818901448224323,0.5323223742679204,0.0,0.0,3.469446951953614e-18,0.03699349820698568,0.0,0.0,3.469446951953614e-18,0.03699349820698568,0.72,0.04512608598542129,0.6251197129007884,0.7986031478881379,0.99,0.009999999999999998,0.9455138038212946,0.9982325679358593,0.28,0.04512608598542129,0.20139685211186212,0.3748802870992116,0.01,0.009999999999999998,0.0017674320641406505,0.054486196178705315,7.868478758224137
regular,0.1,1.0,64,100,6.1331761939177465,0.5967069803705748,0.0,0.0,3.469446951953614e-18,0.03699349820698568,0.0,0.0,3.469446951953614e-18,0.03699349820698568,0.73,0.044619604333847374,0.6356788323205499,0.8073041585042365,1.0,0.0,0.9630065017930143,1.0,0.29,0.04560480215720686,0.2101483574912227,0.3853889117557111,0.0,0.0,3.469446951953614e-18,0.03699349820698568,8.464577828145346
regular,0.1,1.0,256,100,5.699091954881635,0.3910861459895568,0.0,0.0,3.469446951953614e-18,0.03699349820698568,0.0,0.0,3.469446951953614e-18,0.03699349820698568,0.67,0.04725815626252608,0.5730534379509052,0.7543687726587197,1.0,0.0,0.9630065017930143,1.0,0.33,0.04725815626252607,0.24563122734128034,0.4269465620490947,0.0,0.0,3.469446951953614e-18,0.03699349820698568,6.8184836807117
regular,1.0,1.0,64,100,6.4860257602632565,0.4398049657302522,0.0,0.0,3.469446951953614e-18,0.03699349820698568,0.0,0.0,3.469446951953614e-18,0.03699349820698568,0.76,0.04292346959909278,0.6676766365018553,0.8330867444305122,1.0,0.0,0.9630065017930143,1.0,0.4,0.0492365963917331,0.3094012864324589,0.4979974132089382,0.0,0.0,3.469446951953614e-18,0.03699349820698568,7.017541665176623
regular,1.0,1.0,256,100,6.1283400782885575,0.44485471500602863,0.0,0.0,3.469446951953614e-18,0.03699349820698568,0.0,0.0,3.469446951953614e-18,0.03699349820698568,0.82,0.03861229196653691,0.7333264161369926,0.8829977450105364,1.0,0.0,0.9630065017930143,1.0,0.36,0.048241815132442176,0.2727122040140433,0.4576459754839126,0.0,0.0,3.469446951953614e-18,0.03699349820698568,6.774330076651645
regular,4.0,1.0,64,100,9.978260873506345,0.5069123444620205,0.0,0.0,3.469446951953614e-18,0.03699349820698568,0.0,0.0,3.469446951953614e-18,0.03699349820698568,0.86,0.0348735088019777,0.7786281178903616,0.9147365634006086,1.0,0.0,0.9630065017930143,1.0,0.55,0.05,0.45244602997442135,0.6438546202048803,0.0,0.0,3.469446951953614e-18,0.03699349820698568,7.821678556647996
regular,4.0,1.0,256,100,9.430595060332639,0.5193294074554342,0.0,0.0,3.469446951953614e-18,0.03699349820698568,0.0,0.0,3.469446951953614e-18,0.03699349820698568,0.83,0.03775251680686369,0.7445199523239887,0.8910643388594006,1.0,0.0,0.9630065017930143,1.0,0.5,0.050251890762960605,0.4038315303659956,0.5961684696340044,0.0,0.0,3.469446951953614e-18,0.03699349820698568,7.496129869516835
alternating,0.0,1.0,64,100,5.37065897767676,0.5107097047063486,0.0,0.0,3.469446951953614e-18,0.03699349820698568,0.0,0.0,3.469446951953614e-18,0.03699349820698568,0.72,0.045126085985421296,0.6251197129007884,0.7986031478881379,1.0,0.0,0.9630065017930143,1.0,0.28,0.045126085985421296,0.20139685211186212,0.3748802870992116,0.0,0.0,3.469446951953614e-18,0.03699349820698568,7.393618444316918
alternating,0.0,1.0,256,100,5.332384516918865,0.42126681403907584,0.0,0.0,3.469446951953614e-18,0.03699349820698568,0.0,0.0,3.469446951953614e-18,0.03699349820698568,0.72,0.04512608598542128,0.6251197129007884,0.7986031478881379,1.0,0.0,0.9630065017930143,1.0,0.28,0.04512608598542128,0.20139685211186212,0.3748802870992116,0.0,0.0,3.469446951953614e-18,0.03699349820698568,6.7825829717541035
alternating,0.1,1.0,64,100,6.629885480056691,0.61565208142716,0.0,0.0,3.469446951953614e-18,0.03699349820698568,0.0,0.0,3.469446951953614e-18,0.03699349820698568,0.63,0.048523658709390974,0.5322052958094291,0.7181763946567546,1.0,0.0,0.9630065017930143,1.0,0.37,0.048523658709390974,0.28182360534324524,0.4677947041905709,0.0,0.0,3.469446951953614e-18,0.03699349820698568,8.953386255146654
alternating,0.1,1.0,256,100,6.2648220324409944,0.49005674469158933,0.0,0.0,3.469446951953614e-18,0.03699349820698568,0.0,0.0,3.469446951953614e-18,0.03699349820698568,0.68,0.04688261722621507,0.5833738138954762,0.7633085267500092,1.0,0.0,0.9630065017930143,1.0,0.34,0.04760952285695234,0.25461520797348164,0.43722271145275377,0.0,0.0,3.469446951953614e-18,0.03699349820698568,7.860053204681502
alternating,1.0,1.0,64,100,7.1382847055540255,0.4999625914763005,0.0,0.0,3.469446951953614e-18,0.03699349820698568,0.0,0.0,3.469446951953614e-18,0.03699349820698568,0.75,0.04351941398892446,0.656955364519384,0.8245478863771232,1.0,0.0,0.9630065017930143,1.0,0.47,0.05016135580465918,0.3751081795934127,0.5671114302990063,0.0,0.0,3.469446951953614e-18,0.03699349820698568,7.900938920225406
alternating,1.0,1.0,256,100,5.770646950256455,0.38933933683220506,0.0,0.0,3.469446951953614e-18,0.03699349820698568,0.0,0.0,3.469446951953614e-18,0.03699349820698568,0.77,0.04229525846816507,0.6784561697712622,0.8415673411969654,1.0,0.0,0.9630065017930143,1.0,0.34,0.04760952285695234,0.25461520797348164,0.43722271145275377,0.0,0.0,3.469446951953614e-18,0.03699349820698568,6.145404716150142
alternating,4.0,1.0,64,100,9.759891960930302,0.6031727777574669,0.0,0.0,3.469446951953614e-18,0.03699349820698568,0.0,0.0,3.469446951953614e-18,0.03699349820698568,0.88,0.03265986323710904,0.8018790057328857,0.9300059356298052,1.0,0.0,0.9630065017930143,1.0,0.52,0.05021167315686782,0.4231657776522397,0.615354482419481,0.01,0.009999999999999998,0.0017674320641406505,0.054486196178705315,8.318309803351143
alternating,4.0,1.0,256,100,9.459872188310149,0.5840539613507902,0.0,0.0,3.469446951953614e-18,0.03699349820698568,0.0,0.0,3.469446951953614e-18,0.03699349820698568,0.82,0.03861229196653691,0.7333264161369926,0.8829977450105364,1.0,0.0,0.9630065017930143,1.0,0.47,0.05016135580465918,0.3751081795934127,0.5671114302990063,0.01,0.009999999999999998,0.0017674320641406505,0.054486196178705315,7.973768761374269
