source,category,comparisons,max_absolute_difference,max_relative_difference,atol,rtol,passed
python,b,200,2.7755575615628914e-17,1.9297115357643282e-16,1.0e-10,1.0e-10,true
python,cap,2,0.0,0.0,1.0e-10,1.0e-10,true
python,continuous_KL,10,0.0,0.0,1.0e-10,1.0e-10,true
python,discrete_KL,10,8.881784197001252e-16,5.078782381721665e-7,1.0e-10,1.0e-10,true
python,fit_a,2,9.690575009102531e-10,2.322120767521994e-9,2.0e-5,2.0e-5,true
python,fit_kappa,2,9.702002312650393e-8,4.6405297921818945e-8,2.0e-5,2.0e-5,true
python,fit_loglik,2,1.4210854715202004e-14,1.5564587692252053e-15,1.0e-8,1.0e-8,true
python,fit_sigma2,2,2.5955320670512094e-9,9.027828274550466e-9,2.0e-5,2.0e-5,true
python,given_loglik,10,3.552713678800501e-15,4.533410333762136e-16,1.0e-10,1.0e-10,true
python,hit_upper_cap,2,0.0,0.0,1.0e-10,1.0e-10,true
python,iid_limit_loglik,2,1.1102230246251565e-15,6.022915766351579e-16,1.0e-10,1.0e-10,true
python,likelihood_ratio,10,3.197442310920451e-14,6.109930257512065e-14,1.0e-8,1.0e-8,true
python,mean,200,5.551115123125783e-17,2.750692387096002e-16,1.0e-10,1.0e-10,true
python,phi,200,1.1102230246251565e-16,1.6588753381132212e-16,1.0e-10,1.0e-10,true
python,power_bound,10,0.0,0.0,1.0e-10,1.0e-10,true
python,predictive_numerator,2,4.056769547844397e-6,1.5976138315686357e-6,2.0e-5,2.0e-5,true
python,profile_a,10,1.6653345369377348e-16,4.185526123543254e-16,1.0e-10,1.0e-10,true
python,profile_loglik,10,3.552713678800501e-15,5.462958985964027e-16,1.0e-10,1.0e-10,true
python,profile_sigma2,10,2.220446049250313e-16,3.779512424866753e-16,1.0e-10,1.0e-10,true
python,split_log_e,10,4.056769547844397e-6,9.928462242348232e-8,2.0e-5,2.0e-5,true
python,tail_better,2,0.0,0.0,1.0e-10,1.0e-10,true
python,training_fit_a,2,2.31735322042681e-7,9.681296326121276e-8,2.0e-5,2.0e-5,true
python,training_fit_kappa,2,8.925070567045168e-7,7.350744139242136e-8,2.0e-5,2.0e-5,true
python,training_fit_loglik,2,5.329070518200751e-15,1.029734508927779e-15,1.0e-8,1.0e-8,true
python,training_fit_sigma2,2,1.1937266064521168e-8,3.497073605148251e-8,2.0e-5,2.0e-5,true
python,v,200,2.7755575615628914e-17,2.6380211773680306e-16,1.0e-10,1.0e-10,true
python,variance,200,1.3877787807814457e-17,2.6918583442530926e-16,1.0e-10,1.0e-10,true
r,b,200,6.661338147750939e-16,4.1549970199511226e-15,1.0e-10,1.0e-10,true
r,continuous_KL,10,3.9968028886505635e-15,1.1842378929334687e-15,1.0e-10,1.0e-10,true
r,direct_nuisance_a,10,3.1933110200554893e-7,7.955575540444263e-7,5.0e-6,5.0e-6,true
r,direct_nuisance_convergence,10,0.0,0.0,1.0e-10,1.0e-10,true
r,direct_nuisance_loglik,10,6.359357485052897e-13,6.055913000059277e-14,1.0e-9,1.0e-9,true
r,direct_nuisance_sigma2,10,5.263810637368138e-8,2.021203360315503e-7,5.0e-6,5.0e-6,true
r,discrete_KL,10,4.884981308350689e-15,5.078782356142935e-7,1.0e-10,1.0e-10,true
r,given_loglik,10,7.105427357601002e-15,1.1225647548922256e-15,1.0e-10,1.0e-10,true
r,likelihood_ratio,10,3.241851231905457e-14,1.5228322077743742e-14,1.0e-8,1.0e-8,true
r,mean,200,4.996003610813204e-16,4.05411090944741e-15,1.0e-10,1.0e-10,true
r,phi,200,9.43689570931383e-16,1.9003574284747233e-15,1.0e-10,1.0e-10,true
r,power_bound,10,4.85722573273506e-16,4.17664847105158e-15,1.0e-10,1.0e-10,true
r,profile_a,10,3.885780586188048e-16,9.551720887865863e-16,1.0e-10,1.0e-10,true
r,profile_loglik,10,3.552713678800501e-14,3.3831916201448476e-15,1.0e-10,1.0e-10,true
r,profile_sigma2,10,5.551115123125783e-16,2.0859631363975684e-15,1.0e-10,1.0e-10,true
r,v,200,7.216449660063518e-16,4.070048989204294e-15,1.0e-10,1.0e-10,true
r,variance,200,1.5265566588595902e-16,3.570016084352995e-15,1.0e-10,1.0e-10,true
