c,n,discrete_KL,continuous_KL,level_05_power_bound
0.1,8,0.002341314998525162,0.0023413441347477325,0.08421508537726988
0.1,32,0.002341342250525133,0.0023413441347477325,0.08421508537726988
0.1,128,0.0023413440159918515,0.0023413441347477325,0.08421508537726988
0.1,2048,0.002341344134282632,0.0023413441347477325,0.08421508537726988
1.0,8,0.14174529464318614,0.1419169104045766,0.31638028305842814
1.0,32,0.1419055715810008,0.1419169104045766,0.31638028305842814
1.0,128,0.14191619188326773,0.1419169104045766,0.31638028305842814
1.0,2048,0.14191690758574926,0.1419169104045766,0.31638028305842814
4.0,8,0.860037053174462,0.8750419328284879,0.7114536766956882
4.0,32,0.8739558672086563,0.8750419328284879,0.7114536766956882
4.0,128,0.87497156579288,0.8750419328284879,0.7114536766956882
4.0,2048,0.8750416548670544,0.8750419328284879,0.7114536766956882
