design,kappa,T,n,metric,attempted,completed,failures,successes,rate_lower,rate_upper,mcse,wilson_lower,wilson_upper,fit_warnings,training_warnings
regular,0.0,1.0,64,lr_contains_truth,100,100,0,72,0.72,0.72,0.0448998886412873,0.6251197129007884,0.7986031478881379,0,0
regular,0.0,1.0,64,lr_excludes_zero,100,100,0,28,0.28,0.28,0.0448998886412873,0.20139685211186212,0.3748802870992116,0,0
regular,0.0,1.0,64,split_contains_truth,100,100,0,100,1.0,1.0,0.0,0.9630065017930143,1.0,0,0
regular,0.0,1.0,64,split_excludes_zero,100,100,0,0,0.0,0.0,0.0,3.469446951953614e-18,0.03699349820698568,0,0
regular,0.0,1.0,256,lr_contains_truth,100,100,0,57,0.57,0.57,0.04950757517794625,0.47215389549212305,0.6626670147588988,0,0
regular,0.0,1.0,256,lr_excludes_zero,100,100,0,43,0.43,0.43,0.04950757517794625,0.33733298524110106,0.5278461045078768,0,0
regular,0.0,1.0,256,split_contains_truth,100,100,0,100,1.0,1.0,0.0,0.9630065017930143,1.0,0,0
regular,0.0,1.0,256,split_excludes_zero,100,100,0,0,0.0,0.0,0.0,3.469446951953614e-18,0.03699349820698568,0,0
regular,0.1,1.0,64,lr_contains_truth,100,100,0,72,0.72,0.72,0.0448998886412873,0.6251197129007884,0.7986031478881379,0,0
regular,0.1,1.0,64,lr_excludes_zero,100,100,0,30,0.3,0.3,0.0458257569495584,0.2189488529493276,0.3958485463334666,0,0
regular,0.1,1.0,64,split_contains_truth,100,100,0,99,0.99,0.99,0.009949874371066205,0.9455138038212946,0.9982325679358593,0,0
regular,0.1,1.0,64,split_excludes_zero,100,100,0,1,0.01,0.01,0.0099498743710662,0.0017674320641406505,0.054486196178705315,0,0
regular,0.1,1.0,256,lr_contains_truth,100,100,0,65,0.65,0.65,0.047696960070847276,0.5525444329688796,0.7363575175690247,0,0
regular,0.1,1.0,256,lr_excludes_zero,100,100,0,36,0.36,0.36,0.048,0.2727122040140433,0.4576459754839126,0,0
regular,0.1,1.0,256,split_contains_truth,100,100,0,100,1.0,1.0,0.0,0.9630065017930143,1.0,0,0
regular,0.1,1.0,256,split_excludes_zero,100,100,0,0,0.0,0.0,0.0,3.469446951953614e-18,0.03699349820698568,0,0
regular,1.0,1.0,64,lr_contains_truth,100,100,0,73,0.73,0.73,0.044395945760846225,0.6356788323205499,0.8073041585042365,0,0
regular,1.0,1.0,64,lr_excludes_zero,100,100,0,38,0.38,0.38,0.048538644398046386,0.29097599252478734,0.47790244704488916,0,0
regular,1.0,1.0,64,split_contains_truth,100,100,0,100,1.0,1.0,0.0,0.9630065017930143,1.0,0,0
regular,1.0,1.0,64,split_excludes_zero,100,100,0,0,0.0,0.0,0.0,3.469446951953614e-18,0.03699349820698568,0,0
regular,1.0,1.0,256,lr_contains_truth,100,100,0,84,0.84,0.84,0.036660605559646724,0.7557973061072976,0.8990471151119521,0,0
regular,1.0,1.0,256,lr_excludes_zero,100,100,0,35,0.35,0.35,0.047696960070847276,0.26364248243097527,0.44745556703112027,0,0
regular,1.0,1.0,256,split_contains_truth,100,100,0,99,0.99,0.99,0.009949874371066205,0.9455138038212946,0.9982325679358593,0,0
regular,1.0,1.0,256,split_excludes_zero,100,100,0,1,0.01,0.01,0.0099498743710662,0.0017674320641406505,0.054486196178705315,0,0
regular,4.0,1.0,64,lr_contains_truth,100,100,0,89,0.89,0.89,0.031288975694324025,0.8136870349691969,0.9374580364293543,0,0
regular,4.0,1.0,64,lr_excludes_zero,100,100,0,43,0.43,0.43,0.04950757517794625,0.33733298524110106,0.5278461045078768,0,0
regular,4.0,1.0,64,split_contains_truth,100,100,0,100,1.0,1.0,0.0,0.9630065017930143,1.0,0,0
regular,4.0,1.0,64,split_excludes_zero,100,100,0,1,0.01,0.01,0.0099498743710662,0.0017674320641406505,0.054486196178705315,0,0
regular,4.0,1.0,256,lr_contains_truth,100,100,0,91,0.91,0.91,0.028618176042508364,0.837737871472837,0.9519274599974348,0,0
regular,4.0,1.0,256,lr_excludes_zero,100,100,0,46,0.46,0.46,0.04983974317750845,0.36560808309024106,0.5573513967663177,0,0
regular,4.0,1.0,256,split_contains_truth,100,100,0,100,1.0,1.0,0.0,0.9630065017930143,1.0,0,0
regular,4.0,1.0,256,split_excludes_zero,100,100,0,0,0.0,0.0,0.0,3.469446951953614e-18,0.03699349820698568,0,0
alternating,0.0,1.0,64,lr_contains_truth,100,100,0,70,0.7,0.7,0.045825756949558406,0.6041514536665332,0.7810511470506724,0,0
alternating,0.0,1.0,64,lr_excludes_zero,100,100,0,30,0.3,0.3,0.0458257569495584,0.2189488529493276,0.3958485463334666,0,0
alternating,0.0,1.0,64,split_contains_truth,100,100,0,100,1.0,1.0,0.0,0.9630065017930143,1.0,0,0
alternating,0.0,1.0,64,split_excludes_zero,100,100,0,0,0.0,0.0,0.0,3.469446951953614e-18,0.03699349820698568,0,0
alternating,0.0,1.0,256,lr_contains_truth,100,100,0,66,0.66,0.66,0.04737087712930804,0.5627772885472462,0.7453847920265184,0,0
alternating,0.0,1.0,256,lr_excludes_zero,100,100,0,34,0.34,0.34,0.04737087712930804,0.25461520797348164,0.43722271145275377,0,0
alternating,0.0,1.0,256,split_contains_truth,100,100,0,100,1.0,1.0,0.0,0.9630065017930143,1.0,0,0
alternating,0.0,1.0,256,split_excludes_zero,100,100,0,0,0.0,0.0,0.0,3.469446951953614e-18,0.03699349820698568,0,0
alternating,0.1,1.0,64,lr_contains_truth,100,100,0,67,0.67,0.67,0.04702127178203499,0.5730534379509052,0.7543687726587197,0,0
alternating,0.1,1.0,64,lr_excludes_zero,100,100,0,35,0.35,0.35,0.047696960070847276,0.26364248243097527,0.44745556703112027,0,0
alternating,0.1,1.0,64,split_contains_truth,100,100,0,100,1.0,1.0,0.0,0.9630065017930143,1.0,0,0
alternating,0.1,1.0,64,split_excludes_zero,100,100,0,0,0.0,0.0,0.0,3.469446951953614e-18,0.03699349820698568,0,0
alternating,0.1,1.0,256,lr_contains_truth,100,100,0,66,0.66,0.66,0.04737087712930804,0.5627772885472462,0.7453847920265184,0,0
alternating,0.1,1.0,256,lr_excludes_zero,100,100,0,35,0.35,0.35,0.047696960070847276,0.26364248243097527,0.44745556703112027,0,0
alternating,0.1,1.0,256,split_contains_truth,100,100,0,99,0.99,0.99,0.009949874371066205,0.9455138038212946,0.9982325679358593,0,0
alternating,0.1,1.0,256,split_excludes_zero,100,100,0,1,0.01,0.01,0.0099498743710662,0.0017674320641406505,0.054486196178705315,0,0
alternating,1.0,1.0,64,lr_contains_truth,100,100,0,80,0.8,0.8,0.04,0.7111708344068411,0.8666330666689676,0,0
alternating,1.0,1.0,64,lr_excludes_zero,100,100,0,31,0.31,0.31,0.04624932431938871,0.22779697212376038,0.40626055719489407,0,0
alternating,1.0,1.0,64,split_contains_truth,100,100,0,100,1.0,1.0,0.0,0.9630065017930143,1.0,0,0
alternating,1.0,1.0,64,split_excludes_zero,100,100,0,0,0.0,0.0,0.0,3.469446951953614e-18,0.03699349820698568,0,0
alternating,1.0,1.0,256,lr_contains_truth,100,100,0,72,0.72,0.72,0.0448998886412873,0.6251197129007884,0.7986031478881379,0,0
alternating,1.0,1.0,256,lr_excludes_zero,100,100,0,44,0.44,0.44,0.04963869458396343,0.34672026630160796,0.5377189534832302,0,0
alternating,1.0,1.0,256,split_contains_truth,100,100,0,100,1.0,1.0,0.0,0.9630065017930143,1.0,0,0
alternating,1.0,1.0,256,split_excludes_zero,100,100,0,0,0.0,0.0,0.0,3.469446951953614e-18,0.03699349820698568,0,0
alternating,4.0,1.0,64,lr_contains_truth,100,100,0,82,0.82,0.82,0.0384187454245971,0.7333264161369926,0.8829977450105364,0,0
alternating,4.0,1.0,64,lr_excludes_zero,100,100,0,53,0.53,0.53,0.04990991885387112,0.4328885697009936,0.6248918204065872,0,0
alternating,4.0,1.0,64,split_contains_truth,100,100,0,99,0.99,0.99,0.009949874371066205,0.9455138038212946,0.9982325679358593,0,0
alternating,4.0,1.0,64,split_excludes_zero,100,100,0,1,0.01,0.01,0.0099498743710662,0.0017674320641406505,0.054486196178705315,0,0
alternating,4.0,1.0,256,lr_contains_truth,100,100,0,81,0.81,0.81,0.03923009049186606,0.7222115462093562,0.8748524849023126,0,0
alternating,4.0,1.0,256,lr_excludes_zero,100,100,0,52,0.52,0.52,0.049959983987187186,0.4231657776522397,0.615354482419481,0,0
alternating,4.0,1.0,256,split_contains_truth,100,100,0,100,1.0,1.0,0.0,0.9630065017930143,1.0,0,0
alternating,4.0,1.0,256,split_excludes_zero,100,100,0,0,0.0,0.0,0.0,3.469446951953614e-18,0.03699349820698568,0,0
